term,df,sumsq,meansq,statistic,p.value
Risikogruppe,2,33968.643381136564,16984.321690568282,218.68855753202035,4.011225714630286e-47
Residuals,165,12814.630589592862,77.66442781571432,NA,NA
