term,df,sumsq,meansq,statistic,p.value
Kategorie,10,4923.34164996838,492.334164996838,1.846550140411176,0.056747412300221754
Residuals,157,41859.932320761014,266.6237727437007,NA,NA
