Vergleich,diff,lwr,upr,p_adj
mittel-hoch,-18.0454923944991,-21.985007384266947,-14.105977404731252,0
stabil-hoch,-34.6632227512528,-38.58479570742151,-30.74164979508409,0
stabil-mittel,-16.617730356753707,-20.574480708967403,-12.660980004540011,0
