statistik,p_wert,conf_low,conf_high,mean_frueh,mean_spaet
5.054153894561688,4.3958751745187495e-7,0.20771808244240028,0.47091889059734343,0.6844106605092088,0.345092173989337
