term,df,sumsq,meansq,statistic,p.value
Produkt,167,3801.8981117070566,22.76585695632968,0.40763778303190973,0.9999999999992093
Residuals,10710,598134.7611813613,55.84825034373121,NA,NA
